,JK,Tanggal Lahir,Tempat Lahir,Asal Kecamatan,Jenis Tinggal,Alat Transportasi,Jenjang Pendidikan Ayh,Pekerjaan Ayh,Penghasilan Ayh,Jenjang Pendidikan Ibu,Pekerjaan Ibu,Penghasilan Ibu,Keluar Karena
0,0,2003-01-28,0,0,0,0,0,0,0,0,0,0,0
1,0,2004-11-14,0,1,0,1,1,1,1,1,0,0,0
2,0,2006-05-26,1,2,0,2,2,1,2,1,1,1,1
3,0,1998-07-08,2,3,1,3,2,2,2,2,2,2,0
4,0,1995-12-18,0,4,2,1,2,3,2,2,3,2,0
5,0,1999-04-04,0,5,2,1,3,4,2,3,1,2,0
6,0,2002-07-02,3,6,2,1,1,1,2,1,3,2,0
7,0,1996-09-28,4,7,2,1,0,2,2,2,1,2,0
8,0,1997-07-07,4,8,2,1,2,3,2,2,3,2,0
9,0,1997-12-18,0,1,0,3,3,2,2,3,1,2,0
10,0,1997-03-06,5,9,0,1,2,3,2,2,3,2,0
11,0,1999-09-10,4,7,2,1,0,0,2,1,4,3,0
12,0,2000-04-30,0,10,2,1,0,0,2,2,4,3,0
13,0,2003-12-21,6,11,0,1,1,2,2,1,0,2,1
14,0,1996-06-24,4,12,2,1,2,3,2,2,3,2,0
15,0,2005-05-21,7,13,2,1,0,3,2,1,3,2,2
16,0,1997-08-30,8,14,2,1,1,0,1,4,1,2,0
17,0,2004-07-11,5,15,3,1,2,5,2,2,1,2,2
18,0,2004-07-11,5,15,0,4,1,3,2,0,3,2,0
19,0,2002-03-02,1,16,0,5,0,0,2,1,4,2,1
20,0,2003-07-05,4,17,2,1,0,1,2,4,0,2,0
21,0,2003-04-18,3,8,2,1,0,2,2,2,3,2,0
22,0,1997-07-28,4,7,2,1,2,3,2,2,3,2,0
23,0,2004-12-24,0,1,2,1,0,3,2,1,4,2,0
24,0,1996-12-11,4,8,0,1,2,6,2,2,3,2,0
25,0,2000-08-20,4,7,2,1,1,3,1,2,0,2,0
26,0,2005-09-02,4,18,0,1,2,3,2,2,3,2,0
27,0,2003-04-17,0,2,3,1,1,1,2,4,1,4,0
28,0,2005-04-03,4,19,0,1,2,1,3,2,0,0,0
29,0,1998-12-05,0,1,0,3,3,3,1,1,2,3,0
30,1,2005-01-18,1,20,0,1,0,2,2,1,0,0,0
31,0,2005-05-02,0,21,4,1,2,3,1,5,3,3,1
32,0,2005-09-24,1,22,4,1,0,1,1,3,0,3,1
33,0,2005-05-25,1,23,0,2,0,2,1,1,2,3,0
34,0,1999-05-01,0,2,2,1,2,0,1,2,0,3,0
35,0,2000-11-26,3,8,2,1,2,3,1,2,3,3,0
36,1,1995-08-25,9,24,2,1,2,3,2,2,3,2,0
37,0,2000-04-01,10,25,2,1,2,0,1,2,1,2,0
38,0,1998-12-13,4,26,2,1,4,2,2,5,1,2,1
39,1,2005-07-14,1,5,0,4,0,1,2,1,1,1,0
40,0,2002-06-18,11,27,3,1,1,1,1,1,1,4,1
41,0,2002-12-11,0,28,2,1,2,1,3,1,3,2,0
42,0,1999-10-01,0,29,2,1,1,1,3,4,4,0,1
43,0,1999-10-01,4,7,0,3,2,3,1,2,3,3,0
44,0,2004-08-19,4,8,0,1,1,1,2,4,3,2,1
45,0,2001-03-23,5,30,2,1,1,4,1,4,1,2,0
46,0,2005-01-13,4,31,0,1,2,3,4,2,3,2,1
47,1,1998-01-12,4,1,0,3,0,1,1,1,0,3,0
48,0,2000-06-15,12,32,2,1,2,7,2,2,1,2,1
49,1,1997-01-22,1,1,2,1,4,2,2,3,3,2,0
50,1,2002-01-08,3,8,2,1,2,3,2,2,3,2,0
51,0,2004-08-02,4,31,0,1,4,3,1,2,3,3,0
52,1,2003-01-22,1,28,0,1,1,3,2,4,0,2,1
53,1,2000-01-03,0,33,2,1,0,0,3,1,1,2,0
54,1,2003-09-02,4,34,0,4,0,2,1,1,1,1,0
55,0,1996-11-18,4,34,2,1,4,3,2,5,3,2,0
56,0,2004-09-20,13,7,0,1,0,1,2,1,5,2,0
57,0,1995-05-18,0,35,2,1,2,3,2,2,3,2,0
58,0,2001-12-18,4,34,0,1,2,3,1,2,3,3,0
59,0,1998-03-26,5,36,2,1,0,0,2,2,4,2,0
60,0,2005-02-18,4,8,2,1,0,1,3,1,3,3,0
61,0,2005-04-17,4,7,4,1,0,0,3,1,2,2,0
62,0,2002-01-03,4,6,2,1,1,2,1,5,2,3,0
63,0,2002-11-08,0,33,0,3,1,2,1,4,1,1,0
64,0,1998-12-25,4,37,5,6,1,3,2,1,1,2,1
65,0,1998-07-05,11,38,2,1,0,3,2,2,3,2,1
66,0,1997-07-24,4,8,2,1,2,0,2,2,4,2,0
67,0,2005-04-17,5,39,4,1,0,1,3,1,0,3,0
68,0,1998-10-28,5,9,2,1,2,8,1,1,6,2,0
69,0,1997-09-08,4,8,2,1,2,0,2,2,3,2,1
70,0,1996-08-08,4,8,2,1,2,0,2,2,1,2,0
71,0,2003-06-16,4,8,2,1,2,9,2,2,0,2,1
72,0,2000-03-08,3,7,2,1,4,2,2,2,2,3,0
73,0,1997-07-17,4,34,2,1,2,3,2,2,3,2,0
74,0,1999-08-21,0,5,2,1,1,1,1,4,1,2,0
75,0,1998-02-01,4,8,2,1,0,3,1,2,5,3,0
76,0,2006-02-08,4,40,0,1,2,3,1,2,3,3,0
77,0,2004-10-03,1,41,2,1,1,1,3,1,0,0,0
78,0,1999-05-12,11,7,2,1,2,3,1,2,3,3,0
79,0,2007-12-15,1,42,0,1,2,5,2,2,1,1,1
80,0,2001-06-15,2,43,2,1,0,1,2,2,1,4,0
81,0,2003-11-19,14,44,0,0,1,3,4,1,1,1,0
82,0,2003-08-29,0,16,0,4,0,1,2,6,0,2,1
83,0,2004-08-29,4,34,2,1,2,2,1,1,1,1,0
84,0,1997-04-23,0,1,2,1,0,10,2,3,1,2,0
85,0,2003-05-10,0,2,2,1,2,1,2,2,6,3,0
86,0,2000-07-26,4,45,2,1,2,2,1,1,1,1,0
87,0,1998-03-09,15,46,2,1,2,0,2,2,1,2,0
88,0,2001-02-23,1,34,2,1,1,2,2,1,0,2,0
89,0,2006-02-11,1,47,0,1,1,0,1,1,6,1,1
90,0,2005-05-01,4,48,0,1,0,0,3,2,5,4,0
91,0,2002-10-05,4,8,2,1,2,3,2,2,3,2,0
92,0,2006-03-29,16,49,0,4,1,1,2,4,0,3,1
93,0,2002-07-25,0,50,0,0,2,11,5,7,0,0,1
94,0,2001-03-09,0,14,0,4,3,1,1,3,0,3,0
95,1,1997-06-02,4,1,0,3,4,1,2,5,1,2,0
96,0,2004-02-07,3,34,0,1,2,1,3,2,3,2,0
97,0,1996-05-14,4,7,0,3,2,2,2,2,2,2,0
98,0,2001-01-26,4,7,2,1,0,2,2,2,7,2,1
99,1,2003-10-18,0,51,0,3,1,1,2,4,0,2,1
100,0,2000-09-30,1,16,2,1,5,1,3,2,1,2,0
101,0,2005-06-17,4,52,0,1,2,0,4,2,1,1,1
102,0,2000-11-24,11,53,2,1,1,1,2,4,6,4,1
103,0,2004-02-08,0,35,2,1,1,3,2,0,8,0,0
104,0,1999-12-25,0,33,2,1,1,2,1,1,2,3,0
105,0,2003-03-27,17,54,0,1,2,2,1,1,6,2,0
106,0,1998-02-01,4,7,0,3,2,1,2,2,1,2,0
107,0,1998-06-17,4,7,2,1,1,0,2,5,1,2,0
108,0,1999-09-20,4,55,2,1,2,7,1,2,5,3,0
109,0,2002-03-04,4,56,4,1,2,3,2,2,3,2,0
110,0,1999-10-02,18,57,2,1,0,1,1,1,1,3,0
111,1,1997-10-28,0,1,2,1,1,0,2,4,0,2,0
112,1,2006-12-30,19,58,0,3,5,1,2,8,1,1,1
113,0,2003-10-14,0,35,2,1,2,0,2,1,4,3,0
114,0,2001-06-04,4,8,2,1,2,3,2,2,3,3,0
115,1,2003-07-11,1,16,2,1,0,3,2,1,0,2,0
116,0,2002-10-22,4,56,2,1,2,0,2,2,6,3,0
117,0,2003-07-25,4,8,2,1,4,3,1,5,3,3,0
118,1,2004-02-15,1,41,2,1,1,1,3,1,3,3,0
119,0,2003-02-24,17,59,0,3,1,7,1,4,5,3,0
120,0,1997-03-12,20,60,2,1,2,3,1,2,3,3,0
121,1,2003-01-24,0,51,0,4,6,1,3,4,1,1,1
122,0,2004-11-27,1,33,0,4,1,1,2,4,1,1,1
123,1,2001-08-20,0,5,2,1,4,5,2,5,1,2,1
124,1,1999-01-17,4,7,0,3,2,3,1,2,1,2,0
125,1,2004-09-27,3,61,0,1,2,3,4,2,1,1,0
126,1,2000-01-18,0,2,2,1,0,0,2,5,4,2,0
127,0,2001-06-18,21,62,4,1,2,2,2,2,1,1,0
128,0,2002-01-02,0,17,4,1,1,1,2,4,0,2,0
129,1,2002-10-17,0,10,4,1,0,2,2,4,2,2,0
130,0,2002-09-21,22,63,2,1,0,2,2,2,3,2,0
131,1,2005-05-28,0,64,0,1,7,1,2,4,6,3,0
132,0,1999-06-30,4,8,2,1,2,2,1,3,3,3,0
133,1,2001-02-09,3,34,2,1,0,0,1,1,4,3,0
134,1,2002-06-24,23,5,4,1,2,1,2,2,0,2,0
135,1,2007-07-13,4,65,0,1,1,1,2,4,0,2,1
136,0,1997-02-22,0,1,0,3,4,10,2,5,1,2,0
137,0,2008-01-10,0,51,0,1,1,1,2,1,1,1,2
138,0,2000-02-01,24,66,2,1,2,2,1,2,1,2,0
139,0,2004-02-15,4,8,0,1,4,0,4,5,3,4,0
140,0,1999-02-10,0,67,2,1,0,0,2,4,4,2,0
141,1,2003-10-01,8,68,0,0,0,0,3,4,9,2,0
142,0,1999-06-09,4,7,2,1,2,2,1,2,1,2,0
143,0,2001-12-13,25,69,4,1,1,1,2,1,1,4,0
144,0,1999-03-25,4,8,2,1,2,12,2,2,1,2,0
145,1,2005-06-25,4,31,0,5,0,3,4,5,1,1,1
146,0,1998-07-01,4,8,2,1,0,3,1,2,3,3,0
147,1,2002-02-07,4,8,2,1,2,3,2,2,3,2,1
148,1,2000-09-04,0,28,2,1,0,2,2,1,1,2,0
149,1,1999-08-07,4,7,2,1,0,1,2,1,1,2,0
150,1,2001-05-09,4,8,2,1,0,0,2,2,4,2,0
151,1,1998-06-11,4,7,0,3,2,3,2,2,4,2,0
152,1,1998-03-01,4,34,2,1,4,0,2,1,4,2,0
153,1,2007-03-02,26,70,0,1,1,0,3,6,4,0,1
154,1,2004-04-14,3,34,2,1,1,1,2,4,0,0,0
155,1,2002-12-08,19,71,0,1,1,1,2,1,6,2,0
156,1,2003-03-13,0,1,3,1,2,5,2,2,1,2,1
157,1,1999-06-08,4,34,2,1,2,3,1,2,5,2,0
158,1,1997-05-05,4,34,2,1,2,3,2,2,3,2,0
159,1,2001-03-30,3,7,2,1,2,2,1,1,4,3,0
160,1,2007-11-11,1,72,0,1,0,2,1,1,6,3,1
161,0,1997-04-27,27,73,5,1,1,3,2,2,1,2,0
162,1,2004-04-25,0,2,0,1,2,1,6,4,0,5,1
163,1,2002-04-24,0,41,4,1,1,1,2,4,1,4,0
164,1,2005-10-29,0,74,0,1,1,1,3,4,0,2,0
165,0,2004-01-08,28,75,2,1,1,3,3,4,3,0,0
166,0,2002-02-05,29,76,0,1,1,3,4,2,6,4,0
167,0,1999-08-08,4,8,2,1,1,1,2,4,0,2,0
168,1,2006-01-25,4,77,4,1,1,1,2,4,0,2,0
169,0,1998-07-14,4,7,2,1,2,1,2,2,1,2,0
170,1,1999-03-18,0,10,2,1,2,2,2,2,0,2,0
171,0,1999-05-21,30,57,2,1,0,12,1,1,6,3,0
172,0,2004-01-07,0,41,2,1,3,3,1,3,3,3,1
173,0,2003-02-28,31,78,4,1,1,2,2,1,1,1,0
174,0,2003-02-28,31,78,2,1,1,2,2,1,1,2,3
175,0,2004-08-31,3,79,3,1,2,5,2,2,1,2,1
176,0,2004-08-31,3,79,2,1,2,3,2,2,3,2,0
177,0,1998-08-12,0,33,2,1,0,13,3,2,5,3,0
178,0,1998-05-16,4,8,2,1,2,3,1,2,3,3,0
179,0,1996-09-01,0,1,0,3,4,3,2,5,3,2,0
180,1,2005-05-08,4,8,0,1,2,3,4,2,3,4,1
181,0,2003-01-28,2,80,2,1,2,0,2,2,3,3,0
182,1,2012-07-29,4,34,2,1,0,3,2,1,1,2,0
183,0,2003-02-13,32,81,0,3,1,13,2,4,1,1,1
184,0,1999-01-07,4,34,2,1,0,2,1,5,1,2,0
185,1,2002-03-30,33,82,4,1,0,1,2,3,1,4,1
186,1,1998-08-20,4,7,0,3,2,3,1,2,3,3,0
187,0,2002-05-17,0,83,4,1,0,1,2,1,1,4,0
188,1,2005-10-17,1,84,0,5,2,1,2,2,3,3,1
189,0,1999-07-30,4,7,2,1,2,2,1,2,2,3,0
190,1,2004-03-24,0,2,2,1,1,10,5,1,0,2,0
191,0,2002-11-10,0,85,0,0,1,3,1,1,2,3,0
192,1,2005-03-15,0,86,0,6,1,1,2,4,6,1,0
193,1,2003-06-30,1,2,2,1,1,1,2,1,0,3,0
194,1,2006-04-15,10,87,2,1,2,0,2,1,3,3,1
195,0,1998-02-01,1,35,0,4,2,6,5,4,5,3,1
196,1,2004-04-15,0,2,2,1,3,0,2,1,1,1,0
197,1,2004-05-07,0,85,0,4,3,1,2,4,1,1,1
198,1,1998-02-05,0,1,2,1,4,1,2,5,3,2,0
199,1,2005-03-13,0,88,0,1,1,1,2,9,0,2,0
200,1,2003-01-28,4,7,2,1,1,3,2,1,5,2,0
201,1,2003-12-03,34,89,0,4,2,3,4,1,3,4,1
202,0,2006-06-18,3,90,0,1,2,0,2,1,1,1,1
203,0,2004-10-30,35,91,0,1,5,0,2,8,1,1,0
204,0,2000-11-03,4,7,2,1,0,12,2,2,10,2,1
205,0,1999-11-21,4,8,2,1,2,0,2,2,3,3,0
206,0,1999-10-06,0,2,2,1,2,1,2,5,1,2,0
207,1,2008-03-20,8,92,2,1,2,5,2,4,0,2,1
208,0,1997-05-12,4,8,2,1,2,0,2,2,1,2,0
209,0,2003-11-21,1,17,0,5,1,1,2,9,0,0,1
210,1,2001-08-03,3,34,3,1,2,3,1,2,1,3,0
211,0,2005-10-07,0,22,2,1,0,3,2,1,3,2,0
212,0,2002-07-26,4,34,2,1,6,1,3,4,6,3,0
213,0,1995-10-09,4,8,2,1,2,3,2,2,1,2,0
214,0,2001-02-27,4,26,2,1,2,0,2,2,5,3,0
215,1,2003-09-20,4,8,2,1,2,3,2,2,3,2,1
216,0,2001-09-27,3,8,2,1,1,14,1,5,1,1,0
217,0,1997-08-09,0,93,2,1,4,0,2,3,1,2,0
218,0,2002-12-20,1,59,0,1,1,1,2,4,1,1,1
219,0,2003-01-28,36,94,0,1,0,1,2,2,3,2,0
220,0,2002-06-19,37,95,4,1,2,3,2,2,3,2,0
221,1,2001-10-14,38,96,2,1,1,3,3,1,0,2,1
222,1,2003-07-14,1,97,2,1,0,1,2,1,0,3,0
223,1,2014-12-31,3,8,2,1,2,3,2,2,2,3,0
224,0,1998-05-01,0,1,0,3,1,0,2,1,1,2,0
225,0,1998-12-15,4,8,2,1,2,3,2,2,3,2,0
226,1,1999-07-26,4,8,2,1,2,3,1,2,1,2,0
227,0,2005-06-17,4,98,4,1,0,2,3,1,6,4,0
228,0,2004-02-05,1,99,0,3,1,1,3,4,0,2,0
229,1,2004-07-28,1,2,0,1,2,1,2,3,6,3,0
230,0,2005-04-16,39,100,2,1,1,3,2,10,0,0,1
231,0,2005-07-22,0,101,2,1,1,1,3,2,3,3,1
232,0,2004-10-10,2,102,0,0,2,0,2,4,4,2,0
233,0,1998-10-19,4,7,0,1,8,6,2,0,8,2,0
234,0,1996-04-24,4,5,0,3,2,0,2,2,1,2,1
235,0,1997-08-08,4,7,0,3,2,2,2,2,3,2,0
236,0,2007-04-02,1,103,0,1,1,1,2,1,0,3,1
237,0,2004-02-28,1,104,2,1,2,1,3,2,0,0,0
238,0,2004-04-03,4,8,0,1,2,3,4,2,3,4,0
239,1,2005-03-12,0,10,2,1,1,1,2,4,0,3,0
240,1,2004-12-05,0,35,0,4,2,2,3,1,3,0,0
241,0,2005-01-03,0,105,0,6,1,1,2,4,0,2,1
242,0,1998-12-19,4,7,2,1,0,1,2,1,0,2,0
243,1,2004-06-26,40,106,0,1,0,15,2,1,6,2,0
244,0,1999-07-24,0,10,2,1,1,1,2,1,0,2,0
245,1,2001-10-25,0,6,4,1,2,1,2,2,0,2,0
246,1,2003-12-28,0,10,2,1,2,1,1,1,0,2,0
247,0,2005-07-15,0,2,2,1,0,1,2,4,1,1,0
248,1,1999-06-16,0,28,2,1,4,0,2,5,1,2,1
249,1,2000-08-02,4,8,2,1,2,3,1,2,3,3,0
250,1,2002-05-30,4,34,4,1,2,3,2,2,3,2,0
251,1,2000-07-28,4,7,2,1,2,3,2,2,3,2,0
252,1,1997-12-16,4,8,2,1,2,3,2,2,3,2,0
253,0,2004-06-01,1,30,0,3,1,0,3,4,5,4,1
254,0,2003-12-17,0,41,2,1,6,1,3,8,0,0,0
255,1,2008-03-12,0,16,3,1,2,5,2,2,1,2,2
256,1,2000-06-12,4,26,2,1,1,0,2,5,1,2,0
257,1,1999-11-02,4,8,2,1,2,0,2,2,1,2,0
258,0,2003-12-23,0,1,2,1,2,0,2,2,4,2,0
259,1,2005-07-28,0,2,2,1,2,3,2,2,3,2,0
260,0,1999-11-04,0,16,2,1,1,0,2,4,1,2,0
261,0,1996-06-22,0,1,0,3,2,0,2,2,3,2,0
262,0,2002-11-15,37,95,2,1,0,3,3,1,3,2,0
263,1,2004-06-01,4,61,0,1,0,3,2,1,2,3,0
264,1,2003-12-04,0,33,0,1,0,1,2,1,3,2,0
265,1,2003-07-01,3,55,2,1,1,1,3,1,0,0,0
266,0,2002-04-29,0,14,2,1,0,0,2,3,2,3,0
267,0,2003-09-11,0,10,2,1,0,0,2,1,2,3,0
268,0,2000-09-02,4,107,2,1,2,0,2,2,1,2,0
269,0,2005-02-22,1,72,0,1,1,0,3,4,4,0,0
270,0,2001-02-11,4,34,2,1,2,3,2,2,1,1,0
271,0,1999-05-26,38,107,3,1,4,1,3,5,1,1,0
272,0,2003-09-24,41,108,4,1,1,2,2,4,1,1,0
273,0,2003-09-14,0,59,2,1,6,0,3,8,1,1,0
274,1,1997-12-14,0,1,2,1,1,12,2,1,1,2,0
275,1,2001-05-25,22,109,2,1,2,13,3,2,1,3,0
276,1,2002-10-04,19,82,4,1,1,1,2,1,1,1,1
277,0,1998-03-06,4,7,2,1,0,1,2,2,6,2,0
278,1,2004-07-02,42,110,0,4,1,1,3,4,1,1,0
279,1,2005-02-22,0,111,0,3,1,1,3,4,0,2,1
280,1,2005-12-28,0,112,2,1,1,3,2,4,3,2,0
281,1,2002-12-14,43,28,2,1,1,1,3,4,5,2,0
282,1,2004-11-10,3,34,0,4,2,3,1,2,6,4,0
283,1,2004-02-25,4,113,0,4,2,10,5,2,1,1,1
284,1,2002-06-21,3,7,2,1,2,0,2,2,4,3,0
285,1,2005-06-14,17,114,0,1,2,0,3,2,0,2,0
286,1,1998-12-08,4,7,2,1,2,6,2,2,5,0,0
287,0,2003-04-14,1,83,2,1,2,3,3,2,3,2,0
288,0,2000-05-28,3,34,2,1,2,1,1,1,1,2,0
289,0,2000-04-14,0,2,4,1,1,1,2,1,1,1,0
290,0,2002-11-05,0,67,2,1,1,12,3,4,3,3,0
291,0,1999-10-31,4,7,2,1,8,12,2,8,0,2,0
292,0,2000-11-16,0,16,4,1,2,1,2,1,2,2,0
293,0,2001-06-22,11,7,4,1,1,1,2,1,3,2,4
294,1,2005-02-10,0,115,2,1,1,1,3,1,0,0,1
295,1,1996-11-08,44,116,2,1,2,3,2,2,1,2,0
296,1,2001-08-15,0,10,4,1,0,2,2,2,2,2,0
297,1,2001-11-07,0,51,4,1,2,1,2,2,2,3,0
298,0,2004-01-04,45,117,2,1,0,1,3,4,10,2,0
299,0,2005-02-24,46,118,2,1,0,1,3,1,0,2,0
300,0,2001-10-11,10,119,4,1,3,3,2,3,5,2,1
301,0,2004-02-08,0,35,0,4,0,3,1,2,3,3,0
302,0,2002-04-05,0,54,4,1,0,1,2,1,0,2,0
303,0,1999-03-07,0,35,2,1,3,0,2,3,0,2,0
304,1,2000-09-05,1,97,3,1,4,5,2,5,6,2,0
305,1,2002-09-23,4,56,4,1,1,7,2,1,5,2,0
306,1,2002-07-17,47,7,4,1,2,3,2,2,1,1,0
307,0,2005-07-16,48,114,2,1,0,3,2,4,4,2,1
308,1,2002-06-14,49,120,4,1,0,1,2,1,0,2,0
309,0,2000-05-30,3,8,3,1,2,3,1,2,3,3,0
310,1,1999-06-27,4,7,2,1,8,12,2,1,0,2,0
311,0,2002-04-30,0,10,2,1,1,12,2,1,1,1,0
312,0,2000-05-08,0,2,2,1,2,5,2,1,1,2,3
313,1,1997-06-23,4,7,0,3,2,2,2,2,1,2,0
314,1,2003-09-10,1,33,0,1,0,1,2,4,0,2,0
315,1,1997-11-29,4,7,0,3,2,1,2,2,1,2,0
316,1,1999-02-11,4,7,2,1,2,3,2,2,1,2,1
317,1,1999-06-22,4,26,2,1,1,1,2,1,0,2,0
318,0,1998-05-30,0,10,2,1,2,1,2,2,0,2,0
319,1,1999-02-24,4,34,2,1,0,2,2,2,3,2,1
320,1,2001-07-03,50,8,2,1,2,3,3,2,3,3,0
321,1,2002-07-21,4,8,4,1,2,3,2,2,3,3,0
322,0,2001-12-30,4,7,2,1,2,0,1,2,4,3,0
323,1,2003-05-29,0,83,2,1,0,3,2,2,3,3,0
324,1,2004-11-11,0,121,2,1,2,3,2,4,11,1,0
325,0,1999-09-15,0,16,2,1,0,2,2,1,2,2,0
326,1,2001-01-05,0,5,2,1,0,2,1,1,1,2,0
327,1,2003-10-11,51,122,2,1,1,1,3,2,3,3,0
328,1,1997-07-27,4,7,0,3,0,1,2,1,0,2,0
329,1,2003-02-28,3,8,0,1,0,3,2,2,3,4,0
330,0,2003-03-03,1,28,2,1,1,1,3,1,2,2,0
331,0,2001-09-25,0,2,2,1,0,3,2,2,2,2,0
332,0,2004-03-27,1,47,0,5,2,15,2,4,5,2,0
333,0,2004-02-28,0,85,2,1,1,1,2,4,1,1,1
334,0,1997-11-09,0,5,0,3,2,2,2,2,1,2,0
335,1,2002-12-28,0,97,2,1,1,1,2,1,0,3,1
336,0,2003-03-06,4,7,2,1,2,1,3,5,1,1,0
337,0,2004-07-23,4,123,0,3,0,0,3,4,4,3,1
338,0,1999-06-10,4,8,2,1,2,3,2,2,3,4,0
339,0,2000-01-30,15,46,3,1,4,5,2,5,0,3,0
340,0,1998-02-01,0,51,2,1,1,13,2,4,1,2,0
341,1,2006-07-09,4,34,0,1,0,2,1,2,1,1,1
342,0,2005-08-06,52,124,0,3,1,1,2,4,1,1,1
343,0,2004-02-07,0,14,0,4,3,2,1,3,5,3,0
344,1,2003-04-27,1,35,2,1,1,1,3,1,0,2,0
345,0,2004-05-26,0,83,2,1,2,3,1,2,3,3,0
346,0,2003-08-13,3,8,2,1,0,7,2,2,5,2,0
347,0,2005-04-16,17,125,4,1,2,6,5,1,1,1,0
348,1,2003-08-19,4,26,2,1,0,1,2,1,0,3,0
349,0,1998-10-17,4,8,2,1,2,3,1,2,3,2,0
350,1,2003-11-19,5,53,0,1,2,3,1,2,5,3,0
351,0,2002-03-15,53,126,4,1,9,13,3,4,4,2,0
352,0,2001-09-28,0,5,4,1,0,2,2,2,1,1,0
353,0,1999-10-24,14,127,2,1,2,3,1,2,3,2,0
354,0,2003-02-08,1,5,2,1,2,2,1,1,0,2,0
355,1,2002-02-17,1,33,2,1,0,1,2,1,0,2,0
356,1,2005-02-10,0,1,2,1,0,3,2,1,3,3,0
357,0,2003-08-08,0,29,2,1,6,0,2,8,8,0,0
358,0,1997-02-14,0,1,0,3,2,2,2,2,4,2,0
359,0,1997-10-07,0,1,0,3,2,1,2,1,3,2,0
360,0,2004-04-07,54,43,0,4,5,13,3,0,5,3,0
361,0,2000-10-07,3,8,2,1,0,7,1,2,5,3,0
362,1,2003-06-08,3,7,2,1,0,2,2,1,3,2,0
363,0,1997-10-27,4,8,2,1,2,0,2,2,3,2,0
364,1,2001-05-20,4,8,3,1,4,5,2,5,6,3,0
365,1,1999-08-15,4,8,2,1,2,3,2,2,3,2,1
366,1,2005-03-24,12,128,2,1,0,3,2,1,3,2,0
367,1,2001-07-07,0,16,4,1,0,2,2,2,5,2,1
368,1,1999-03-26,3,7,2,1,4,3,2,5,1,2,1
369,1,2002-08-06,0,2,4,1,1,1,2,3,0,3,0
370,1,1998-05-04,4,7,2,1,0,3,2,1,3,2,0
371,1,2005-02-16,0,64,2,1,1,1,3,1,1,1,0
372,0,1997-08-30,0,5,0,3,0,2,2,3,0,2,0
373,0,1999-11-25,4,8,2,1,4,0,2,2,1,2,0
374,0,1997-08-06,0,129,2,1,1,1,2,4,1,2,1
375,0,2001-07-26,11,8,3,1,4,3,1,2,3,3,1
376,1,2003-01-31,4,8,0,1,2,3,2,2,3,2,0
377,1,2005-08-29,4,130,2,1,1,1,2,4,0,2,0
378,0,2001-11-07,6,11,4,1,1,1,2,4,3,2,1
379,0,2003-11-01,1,131,0,4,1,1,3,4,6,1,0
380,0,2007-05-02,55,132,0,3,1,2,4,4,2,4,1
381,0,2004-05-31,0,2,2,1,3,1,2,3,0,2,0
382,0,1997-07-27,0,1,0,1,2,5,2,3,1,2,0
383,1,1999-08-29,4,8,2,1,2,2,4,2,1,2,0
384,0,1998-01-12,21,133,2,1,2,1,1,2,1,2,0
385,1,2005-05-18,4,134,4,1,0,1,2,2,1,1,0
386,0,2003-08-06,4,7,2,1,2,2,2,1,3,3,0
387,1,2001-10-29,3,7,2,1,1,1,3,1,1,3,0
388,1,2000-05-31,0,2,2,1,2,6,2,3,1,2,0
389,0,2005-01-27,1,10,0,4,0,1,1,1,0,3,1
390,1,2003-09-22,0,2,2,1,0,1,2,1,0,2,0
391,1,2003-10-05,1,35,2,1,2,3,1,2,3,4,0
392,0,2000-08-09,4,7,2,1,1,0,2,5,2,2,0
393,1,2003-05-28,3,135,2,1,1,0,2,1,6,3,0
394,1,1997-08-21,0,34,2,1,2,2,2,2,0,2,0
395,1,2002-07-15,4,7,2,1,2,0,2,2,10,2,0
396,0,2000-01-25,4,26,2,1,5,12,2,1,1,2,1
397,0,1999-03-20,0,1,2,1,0,3,2,4,1,2,0
398,0,2000-05-06,4,8,2,1,0,1,2,2,5,3,0
399,0,1998-12-31,0,1,2,1,4,2,2,5,1,2,0
400,0,1999-05-21,4,8,2,1,2,1,2,2,3,2,0
401,0,2001-07-25,56,5,4,1,2,2,2,2,2,2,1
402,1,1999-04-17,57,136,2,1,1,0,2,1,4,2,0
403,1,1997-02-15,4,7,0,3,2,3,2,2,4,2,0
404,1,1997-02-16,4,8,2,1,0,3,2,1,3,2,0
405,0,2004-11-30,3,137,0,4,1,2,4,2,1,1,0
406,0,1995-01-26,38,14,2,1,2,5,2,4,1,2,1
407,1,2005-10-16,3,138,0,0,2,0,1,2,4,4,0
408,0,2002-05-05,4,26,4,1,0,1,2,2,0,2,0
409,1,2001-11-03,3,28,2,1,4,5,2,5,1,2,1
410,0,1999-10-08,0,1,2,1,4,3,2,5,2,2,1
411,1,2003-08-12,58,139,2,1,2,1,3,1,3,2,0
412,0,2001-03-24,1,2,2,1,1,1,1,1,1,2,0
413,0,2004-06-01,3,1,0,1,3,0,3,3,4,0,0
414,0,2003-12-19,1,140,0,1,2,3,2,4,0,2,1
415,0,2003-09-11,0,83,2,1,0,1,2,1,0,2,0
416,0,2005-06-08,59,141,0,3,0,3,2,5,1,1,1
417,0,2002-07-04,11,8,4,1,2,1,2,1,1,4,3
418,1,2002-07-04,4,8,4,1,2,1,2,1,1,1,0
419,1,1998-04-29,0,1,0,1,2,1,2,2,1,2,0
420,0,1997-08-25,0,5,0,3,4,3,2,5,3,2,0
421,0,2001-05-03,0,5,3,1,4,5,2,5,0,2,0
422,0,1996-01-21,4,7,0,3,2,7,2,2,5,2,0
423,1,2004-03-02,4,8,2,1,4,3,1,2,3,3,0
424,0,1997-08-21,11,34,2,1,4,2,2,2,1,2,3
425,1,2001-11-27,2,142,2,1,2,3,1,2,5,3,0
426,1,2004-12-03,0,143,2,1,1,13,3,4,4,2,0
427,0,1995-12-05,4,8,2,1,2,3,2,2,3,2,0
428,0,2001-05-18,3,7,2,1,2,5,2,5,2,2,0
429,0,1999-03-19,0,5,2,1,4,2,1,5,0,2,0
430,1,2002-09-15,1,33,2,1,1,0,2,4,0,2,0
431,1,1997-09-24,4,34,2,1,0,1,2,1,1,2,0
432,0,1997-10-12,0,67,2,1,2,3,2,2,3,2,0
433,1,2003-11-07,1,2,2,1,1,1,2,4,0,0,0
434,1,1999-12-08,0,5,2,1,2,1,2,2,2,3,0
435,1,2004-03-04,55,144,0,1,0,0,1,1,4,2,0
436,1,2003-01-23,60,145,0,3,2,3,3,2,6,3,0
437,0,1997-08-22,0,1,0,3,2,3,2,2,3,2,0
438,0,1996-07-18,0,67,2,1,0,12,2,1,3,2,0
439,1,2006-09-13,61,146,6,1,2,0,4,2,6,4,1
440,1,2004-07-11,4,147,2,1,2,3,2,2,6,3,1
441,1,1999-01-26,1,7,2,1,4,5,2,5,1,2,0
442,1,2000-08-14,0,1,2,1,2,3,2,3,3,2,0
443,0,2003-08-11,62,148,2,1,0,1,3,1,0,2,1
444,1,2004-01-12,63,2,2,1,1,1,3,4,0,2,0
445,0,2006-11-25,1,149,0,3,6,1,2,4,9,2,1
446,0,1998-12-21,0,67,2,1,2,3,2,2,3,2,0
447,0,2002-07-22,4,150,5,1,10,0,2,5,7,2,1
448,1,2003-12-11,0,2,2,1,1,7,2,4,0,0,0
449,0,2005-01-21,0,101,2,1,1,1,3,1,6,2,1
450,0,1998-11-29,0,2,2,1,0,0,2,1,1,2,0
451,0,2002-07-24,0,83,4,1,2,3,2,2,3,3,0
452,0,1998-06-15,4,8,2,1,2,3,2,2,3,2,0
453,0,2003-05-20,1,17,2,1,1,1,3,4,3,2,0
454,0,1997-11-10,0,33,2,1,2,0,2,2,4,2,0
455,0,1996-12-18,64,151,2,1,2,0,2,2,1,2,0
456,0,1999-07-31,4,45,2,1,4,2,2,2,5,3,0
457,0,2001-08-10,0,2,2,1,3,5,2,5,3,2,0
458,1,2003-04-25,1,7,2,1,2,1,2,2,0,2,0
459,0,1996-05-07,0,33,2,1,0,0,2,1,4,2,0
460,0,2003-12-14,10,152,0,1,2,6,5,2,1,1,0
461,0,2000-03-17,3,8,3,1,4,5,2,5,1,1,0
462,1,2004-02-19,1,1,0,4,0,12,1,1,2,4,0
463,0,2000-07-26,0,2,2,1,3,0,1,4,1,2,0
464,1,2003-01-03,65,153,2,1,1,1,3,4,0,0,0
465,0,2005-04-10,1,140,0,1,0,12,1,2,0,2,1
466,0,2000-04-09,0,2,2,1,1,1,2,4,0,2,0
467,1,2002-12-01,1,2,2,1,0,3,2,4,3,2,0
468,1,2003-09-13,4,113,2,1,3,1,2,3,0,2,0
469,1,2005-08-05,53,154,2,1,2,7,2,2,0,2,0
470,1,2004-03-15,0,1,2,1,0,3,1,1,3,3,0
471,0,1999-11-30,4,7,2,1,4,3,2,5,4,3,0
472,1,2004-01-06,0,17,0,0,0,1,1,2,9,3,1
473,0,2003-02-08,3,26,2,1,0,3,2,1,10,2,0
474,1,1996-12-31,0,1,0,3,2,5,2,3,4,2,0
475,1,1997-07-13,0,5,0,3,2,1,2,5,2,2,0
476,1,2000-12-04,4,7,4,1,1,1,2,2,0,2,0
477,1,2001-10-10,1,83,2,1,2,3,2,2,3,2,0
478,0,1998-08-31,0,1,0,3,0,0,2,5,1,2,0
479,0,2001-06-21,66,155,0,2,2,0,1,2,4,3,1
480,1,2001-11-02,4,7,3,1,0,0,1,1,1,3,0
481,1,2005-07-13,1,140,2,1,0,1,1,1,2,4,0
482,1,2001-04-06,4,156,2,1,2,3,1,2,3,3,1
483,1,1996-04-20,4,8,2,1,2,3,2,2,3,2,0
484,0,2002-08-04,67,94,4,1,5,13,3,0,1,1,1
485,0,2000-09-27,0,1,4,1,0,9,2,5,1,1,1
486,1,2003-08-25,1,51,0,3,2,1,2,2,0,2,1
487,0,2003-05-02,4,7,2,1,2,2,2,1,3,2,0
488,0,2005-07-19,3,157,6,1,0,9,2,1,4,2,1
489,0,2000-03-29,1,2,2,1,2,3,2,2,1,1,0
490,0,2006-06-06,53,158,0,0,1,0,2,4,4,3,1
491,0,2000-11-06,0,53,4,1,0,1,2,2,1,4,0
492,0,2005-08-08,1,159,0,1,1,13,2,2,0,2,0
493,0,1999-04-14,0,17,2,1,2,5,2,2,1,2,0
494,0,2001-10-19,0,1,4,1,2,1,2,2,2,3,0
495,0,2001-09-17,0,2,2,1,0,3,2,1,1,2,0
496,0,2000-05-16,4,7,2,1,0,1,2,2,3,4,0
497,0,1999-02-25,4,34,2,1,2,2,2,1,1,2,0
498,0,2000-04-10,4,113,2,1,2,1,2,2,1,1,0
499,0,1999-12-30,0,2,2,1,2,3,2,2,1,2,0
500,0,1999-12-13,4,26,2,1,1,12,3,2,1,2,0
501,0,2001-08-09,4,26,2,1,0,0,1,2,1,2,0
502,0,2000-12-28,4,8,2,1,2,1,1,5,1,1,0
503,0,1999-06-21,4,55,2,1,1,0,2,1,1,2,0
504,0,2002-09-14,68,83,4,1,2,1,2,2,1,3,0
505,0,1999-09-04,0,2,2,1,4,3,2,1,3,2,0
506,0,1997-03-21,4,34,2,1,2,2,2,2,1,2,1
507,0,1998-06-21,4,7,2,1,2,2,1,5,2,3,0
508,0,1999-12-30,0,2,2,1,0,1,2,3,1,2,0
509,0,2003-05-13,1,121,0,1,1,1,2,4,0,2,0
510,0,2000-10-02,23,160,3,1,4,5,2,5,1,2,1
511,0,2000-09-02,3,160,2,1,1,2,1,1,1,1,0
512,0,2004-06-21,1,161,0,4,1,1,2,4,0,2,1
513,0,2004-05-20,0,162,0,4,1,1,2,1,5,3,1
514,0,1999-07-02,0,59,2,1,6,14,3,8,1,2,0
515,0,2004-04-20,69,163,2,1,1,2,2,1,3,2,0
516,0,2000-06-21,0,35,2,1,2,7,3,1,5,2,0
517,1,2003-05-22,17,164,2,1,1,1,3,4,0,2,0
518,0,1999-07-04,0,41,2,1,1,1,2,3,1,1,0
519,0,1998-04-15,0,1,2,1,0,1,2,2,0,2,0
520,1,2002-06-08,0,5,4,1,3,1,2,3,1,4,0
521,1,1998-05-09,0,41,2,1,2,5,2,1,0,3,0
522,1,2002-05-21,0,5,3,1,2,2,2,1,1,4,0
523,1,2000-06-09,0,1,2,1,8,12,2,1,1,2,0
524,1,2007-04-12,13,165,0,1,2,3,1,2,3,4,4
525,1,2003-05-19,1,2,2,1,1,1,3,4,0,0,0
526,0,2003-05-13,0,28,0,0,1,1,3,4,0,2,0
527,1,2004-07-13,70,166,2,1,0,0,3,2,6,2,0
528,1,2004-05-21,71,167,2,1,9,13,3,4,6,3,0
529,1,2003-05-24,72,168,2,1,1,0,2,4,6,4,0
530,0,2005-03-26,73,169,0,5,0,7,1,1,3,4,0
531,1,2005-03-30,1,107,0,1,0,2,2,1,0,0,0
532,1,1998-12-02,4,8,2,1,0,2,1,2,1,2,0
533,0,2007-09-14,0,83,2,1,2,5,2,1,10,2,1
534,0,2002-03-08,4,170,4,1,2,0,2,1,1,4,0
535,0,2003-01-25,0,2,0,4,1,2,2,4,12,2,0
536,0,2005-09-09,0,171,4,1,0,0,1,1,1,1,4
537,0,2000-05-02,4,34,4,1,2,3,2,2,1,1,0
538,0,1995-03-13,56,172,2,1,2,1,2,1,0,2,0
539,1,2000-11-08,4,7,3,1,2,2,1,2,2,3,1
540,1,2004-08-17,74,173,2,1,0,3,2,2,3,2,0
541,1,2004-05-03,3,34,0,1,1,0,1,4,1,1,0
542,1,2003-10-01,1,83,2,1,2,3,2,2,3,2,0
543,1,2004-07-28,6,174,0,0,0,2,2,1,6,3,0
544,0,1999-07-13,0,104,2,1,8,12,2,1,2,2,0
545,0,2002-08-02,1,93,3,1,2,5,2,2,1,2,1
546,0,1997-12-19,0,1,2,1,4,1,2,1,1,2,0
547,0,2001-04-04,0,2,2,1,0,1,1,4,0,3,0
548,0,2003-03-15,4,8,4,1,0,1,2,2,0,3,0
549,0,1998-08-16,0,2,2,1,0,0,2,1,1,2,0
550,0,1997-06-17,0,10,2,1,2,1,2,2,1,2,0
551,0,2001-11-16,4,45,4,1,1,1,2,2,1,1,0
552,0,1998-02-20,4,7,2,1,2,3,2,2,0,2,0
553,0,2000-06-20,4,8,2,1,2,2,2,2,3,2,0
554,0,1997-11-19,38,175,5,3,0,1,2,2,1,2,0
555,0,2005-11-14,4,176,0,1,0,0,4,2,4,4,0
556,0,2004-03-15,10,152,3,1,2,5,2,2,1,2,1
557,0,2003-11-13,4,157,2,1,0,2,2,1,0,0,0
558,0,1998-04-15,24,8,2,1,1,0,2,1,4,2,0
559,0,2001-06-25,75,7,4,1,0,14,2,2,1,4,0
560,0,2006-09-05,4,177,0,0,2,3,4,2,9,3,1
561,0,2000-10-14,0,2,2,1,0,1,1,3,1,2,0
562,0,1997-07-04,4,8,2,1,2,3,2,2,3,2,0
563,0,2002-09-26,76,2,4,1,1,1,2,4,0,2,1
564,0,2000-05-24,4,8,2,1,2,3,1,2,3,4,0
565,0,2000-05-05,4,8,2,1,2,3,2,2,1,2,0
566,0,2003-10-23,1,83,2,1,0,1,3,1,0,0,0
567,0,2002-01-10,0,2,2,1,2,3,1,5,3,3,0
568,0,1996-05-25,4,34,0,3,5,13,2,0,4,2,0
569,0,2000-11-20,1,5,0,4,0,2,1,1,4,3,0
570,0,2000-09-05,57,2,2,1,1,0,1,1,1,2,1
571,0,2005-01-22,4,6,2,1,1,0,2,4,1,1,0
572,0,1998-07-31,0,2,2,1,3,3,2,3,1,2,0
573,0,2003-10-03,4,8,0,1,2,3,4,2,3,4,0
574,0,2006-03-09,4,48,2,1,2,3,1,2,3,3,1
575,0,2005-08-29,1,178,0,0,2,7,2,1,1,1,0
576,0,2003-01-07,12,179,4,1,2,3,2,5,3,3,0
577,0,2006-04-01,1,22,0,1,1,1,1,1,1,1,0
578,0,1999-07-07,4,34,2,1,2,3,2,1,1,2,0
579,0,1999-11-07,0,1,2,1,2,0,2,1,4,2,0
580,0,1996-02-02,4,34,0,3,0,0,2,2,4,2,0
581,0,1998-12-03,0,2,2,1,0,0,2,1,4,2,0
582,0,2001-08-31,0,33,4,1,1,2,2,1,1,1,0
583,0,1999-06-24,4,8,2,1,2,6,2,5,3,2,0
584,0,2002-09-08,0,41,4,1,0,1,2,4,0,0,1
585,0,2000-04-22,12,28,2,1,0,1,2,1,4,0,3
586,0,2000-04-23,12,28,2,1,0,1,2,1,4,2,0
587,0,2000-04-23,12,82,2,1,0,1,2,1,4,2,3
588,0,2004-01-01,4,26,2,1,2,3,1,1,3,3,0
589,0,2003-09-19,39,180,0,4,1,3,1,4,3,3,1
590,0,2002-07-18,0,83,4,1,3,3,2,2,3,2,1
591,0,2003-05-28,77,15,2,1,1,1,3,1,0,2,0
592,0,1999-05-25,5,181,2,1,2,12,2,2,6,2,1
593,0,2003-12-04,0,10,2,1,2,1,2,2,4,3,0
594,0,1998-01-05,4,8,2,1,0,3,2,2,3,2,1
595,0,2003-03-11,1,182,0,1,2,2,1,4,0,3,0
596,0,2002-09-20,0,67,2,1,2,3,1,2,3,3,0
597,0,2002-11-17,0,99,4,1,1,1,2,4,1,4,0
598,0,2002-01-05,4,8,4,1,2,3,2,2,3,2,0
599,0,2000-01-10,15,183,2,1,2,0,2,1,1,2,0
600,0,2002-04-20,0,2,4,1,2,1,2,2,0,2,0
601,0,2002-10-27,4,6,4,1,1,1,2,1,1,1,0
602,0,2007-10-04,4,31,0,1,1,1,2,2,3,4,1
603,0,2001-03-21,4,7,4,1,1,1,2,1,1,4,0
604,0,1999-05-21,4,8,2,1,6,12,2,2,3,2,0
605,0,2000-10-01,4,7,2,1,2,3,2,2,3,3,0
606,0,1999-05-17,0,2,2,1,3,3,2,2,1,2,0
607,0,2003-11-22,4,7,2,1,2,0,2,2,2,3,0
608,0,2004-08-23,0,16,2,1,0,3,2,1,3,2,0
609,0,2005-10-09,4,184,0,1,0,0,2,4,1,1,0
610,0,2004-01-28,0,5,2,1,1,1,2,0,0,2,0
611,0,1999-02-12,0,10,2,1,2,1,2,2,2,3,0
612,0,2003-09-08,3,8,2,1,0,1,2,1,0,2,0
613,0,2003-12-07,0,5,2,1,0,2,2,3,1,1,0
614,0,1999-09-14,78,93,2,1,1,1,2,1,1,2,0
615,0,2006-01-21,4,185,0,1,1,1,2,4,4,3,1
616,0,2000-10-23,11,51,2,1,1,1,2,4,4,2,1
617,0,2004-09-23,0,186,2,1,2,1,2,2,0,2,0
618,0,2002-01-26,11,41,4,1,2,2,2,2,1,1,1
619,0,2004-03-06,1,83,2,1,0,3,2,1,3,2,0
620,0,2003-06-06,0,2,2,1,1,1,2,4,0,2,0
621,0,2001-03-22,4,7,2,1,4,5,2,5,0,2,0
622,0,2003-05-10,0,10,2,1,0,1,2,5,11,1,0
623,0,2003-12-24,79,17,2,1,1,0,3,1,6,3,0
624,0,2005-07-27,4,77,2,1,0,0,2,1,4,2,0
625,0,1997-12-31,4,8,2,1,2,1,2,3,1,2,0
626,0,2004-12-29,6,187,2,1,0,3,2,1,3,2,1
627,0,2002-07-26,4,7,2,1,2,0,2,1,4,3,0
628,0,2005-03-30,3,45,4,1,1,0,2,8,9,2,0
629,0,1998-07-21,0,1,2,1,3,1,2,1,0,2,0
630,0,2003-03-22,0,59,0,2,1,0,2,1,0,2,0
631,0,2004-08-06,0,1,2,1,0,1,3,1,0,0,0
632,0,2002-02-01,4,8,2,1,2,3,2,2,3,3,0
633,0,2005-07-05,1,161,0,1,1,2,1,1,2,3,0
634,0,1998-04-07,4,7,0,3,2,3,2,2,3,2,0
635,0,1998-08-27,0,1,2,1,0,2,2,3,1,2,0
636,0,1997-02-14,4,7,2,1,2,1,2,1,1,2,0
637,0,2000-03-18,0,33,2,1,0,1,2,1,1,2,0
638,0,1999-03-19,0,1,2,1,2,2,2,2,3,2,0
639,0,1997-10-31,4,7,0,3,2,3,2,2,3,2,0
640,0,2004-09-10,3,7,0,3,2,3,2,2,1,1,1
641,0,1999-10-27,4,7,2,1,3,3,1,2,0,2,0
642,0,1998-10-17,0,5,0,3,1,1,2,1,1,2,0
643,0,2000-04-26,0,16,2,1,1,1,2,2,0,3,0
644,0,2004-03-24,3,26,0,3,1,1,2,3,4,3,0
645,0,1999-07-03,4,8,2,1,0,0,2,1,0,2,0
646,0,2002-11-02,1,10,2,1,2,1,2,2,0,2,0
647,0,1996-04-12,80,29,2,1,1,1,2,5,1,2,0
648,0,2004-06-22,0,5,2,1,0,1,2,4,0,2,0
649,0,1997-05-28,4,8,2,1,2,3,2,2,3,2,0
650,0,2004-04-05,0,16,2,1,1,1,2,2,0,2,0
651,0,1998-04-19,0,41,2,1,1,1,1,4,0,3,0
652,0,2001-09-13,4,45,4,1,2,1,2,1,1,1,0
653,0,2002-10-11,5,30,0,1,2,1,2,8,0,2,1
654,0,2004-06-13,0,188,4,1,1,1,2,5,1,1,1
655,0,2001-09-28,0,41,4,1,2,8,2,8,8,0,0
656,0,2004-06-26,4,8,2,1,1,1,3,2,4,3,0
657,0,2000-08-17,12,189,2,1,0,7,2,1,1,2,1
658,0,2004-05-13,81,190,0,3,0,3,2,4,3,2,0
659,0,2003-06-25,4,150,0,0,0,0,4,4,1,1,0
660,0,2000-05-01,4,8,2,1,2,3,2,2,3,3,0
661,0,2004-09-01,0,191,2,1,0,3,2,1,3,2,0
662,0,2003-11-11,8,192,3,1,0,0,3,2,5,2,0
663,0,2001-03-13,0,2,3,1,0,2,1,3,4,3,1
664,0,2004-04-02,1,17,0,1,1,1,3,4,0,0,0
665,0,1998-06-11,4,8,2,1,2,3,2,2,3,2,0
666,0,2003-07-23,1,54,0,1,0,2,2,1,0,2,0
667,0,2004-07-20,0,1,2,1,1,1,2,2,0,3,0
668,0,2002-12-24,1,29,2,1,0,3,2,1,3,2,0
669,0,2008-01-06,0,193,0,4,5,15,3,8,4,3,1
670,0,2004-01-13,0,194,0,4,4,1,2,5,0,2,1
671,0,2000-08-26,0,2,2,1,4,5,2,4,0,3,1
672,0,1997-10-25,0,1,0,3,1,0,2,3,4,2,0
673,0,2000-11-03,4,113,2,1,9,12,2,4,6,2,0
674,0,2001-10-23,3,6,2,1,1,1,1,3,0,3,0
675,0,1996-08-01,0,1,0,1,2,6,2,2,0,2,0
676,0,2004-09-01,0,2,2,1,0,0,2,1,1,1,0
677,0,2000-05-24,63,195,2,1,2,14,1,2,1,2,0
678,0,2002-12-06,0,2,2,1,0,1,2,1,1,1,0
679,0,2000-06-24,3,34,2,1,2,3,1,2,1,1,0
680,0,1998-07-23,4,7,2,1,2,1,2,2,0,2,0
681,0,1999-12-08,0,1,4,1,4,1,2,5,1,1,0
682,0,2002-04-01,4,56,4,1,0,1,2,2,1,4,0
683,0,2005-09-06,1,196,0,3,1,14,3,4,1,1,0
684,0,1999-10-15,0,1,2,1,2,2,1,2,1,2,0
685,0,2000-09-02,4,7,4,1,1,1,2,3,1,1,0
686,0,1997-03-27,0,1,0,3,4,1,2,5,1,2,0
687,0,1997-08-25,0,33,2,1,2,0,2,1,0,2,0
688,0,1998-04-07,4,7,2,1,2,3,2,2,3,2,0
689,1,2008-07-22,3,8,0,1,0,3,1,2,3,3,1
690,1,2003-04-08,4,8,4,1,3,3,2,3,3,2,0
691,1,2005-04-21,1,197,0,4,1,10,5,4,5,2,0
692,1,2003-03-22,1,5,2,1,0,3,2,2,3,2,0
693,1,2003-03-22,1,5,3,1,2,5,2,2,1,2,3
694,1,2002-01-17,0,14,2,1,1,1,3,1,4,2,1
695,0,2003-06-26,1,29,0,1,1,1,3,4,0,2,1
696,1,2006-05-04,1,5,0,4,2,1,2,2,0,2,1
697,1,2001-11-01,1,35,3,1,2,5,2,2,1,2,1
698,1,2003-11-13,82,198,2,1,1,1,3,1,1,1,0
699,1,2000-12-07,4,26,2,1,1,0,2,1,1,2,0
700,1,1998-04-20,4,26,2,1,0,0,2,2,1,2,0
701,1,1999-08-19,4,56,2,1,2,5,2,1,1,2,0
702,0,1999-04-12,4,7,2,1,2,0,3,2,1,2,0
703,0,2000-05-17,78,199,2,1,0,0,2,1,6,2,0
704,0,2004-10-22,0,2,2,1,1,1,2,4,1,1,0
705,1,2005-05-10,4,8,4,1,0,2,2,2,2,3,0
706,0,2005-10-25,53,200,2,1,2,15,3,2,1,1,1
707,0,2003-05-25,0,29,0,4,5,13,3,4,0,2,0
708,1,2006-02-17,53,158,4,1,2,2,1,2,2,3,1
709,1,2001-02-11,83,7,2,1,2,2,1,1,1,4,0
710,0,2006-06-28,0,201,0,1,5,13,3,8,0,2,1
711,0,2001-10-20,84,202,4,1,6,13,3,4,1,1,0
712,1,2003-06-26,4,26,2,1,5,12,3,8,6,2,0
713,1,2004-02-04,1,2,2,1,1,1,3,1,0,2,0
714,1,1997-08-27,0,1,0,3,1,1,2,4,0,2,0
715,1,2004-04-25,4,8,0,1,2,3,1,2,3,2,0
716,1,2004-03-16,85,203,2,1,0,1,3,1,0,2,0
717,1,2002-07-11,0,5,4,1,0,1,2,4,0,2,0
718,1,2005-01-13,1,204,2,1,1,1,1,4,0,3,0
719,1,2004-02-07,4,8,2,1,2,2,1,2,2,3,0
720,0,1997-11-22,0,33,2,1,2,3,2,2,1,2,0
721,0,2000-11-10,0,41,4,1,2,1,2,2,0,2,1
722,0,2003-05-16,4,45,2,1,1,1,2,4,3,2,0
723,1,2000-07-15,86,51,3,1,4,5,2,5,1,3,0
724,0,2000-09-18,11,1,2,1,2,7,2,2,1,2,1
725,1,2003-10-07,86,28,0,1,2,1,2,2,4,2,0
726,0,2001-05-01,0,5,4,1,0,1,2,4,0,2,1
727,0,1997-11-17,0,33,0,3,1,1,2,2,2,2,0
728,0,2004-11-22,4,130,0,1,0,1,1,1,4,4,0
729,1,2001-11-14,4,7,3,1,2,0,1,2,4,3,1
730,1,1998-04-26,4,7,2,1,2,3,2,2,3,2,0
731,1,2002-03-13,1,1,2,1,4,2,2,5,1,1,0
732,0,2002-11-13,3,7,2,1,0,2,2,1,0,0,0
733,1,1997-11-04,0,7,0,3,2,3,2,2,1,2,0
734,1,2003-11-30,1,33,0,1,1,1,3,4,3,2,0
735,1,1999-05-12,4,8,2,1,0,2,1,1,1,2,0
736,1,2004-05-13,4,8,2,1,0,3,2,1,0,2,0
737,0,2003-08-30,78,205,0,1,1,3,2,3,1,1,0
738,1,2001-06-25,0,2,2,1,6,1,2,5,8,2,0
739,1,2004-02-14,63,206,2,1,0,3,3,1,3,2,0
740,0,1998-07-24,4,7,2,1,2,0,2,2,3,2,0
741,0,1999-04-13,0,1,2,1,3,2,2,5,1,2,0
742,1,1997-10-30,4,8,2,1,1,0,2,2,1,2,0
743,0,2001-04-11,4,7,3,1,4,5,2,5,1,1,0
744,1,1998-07-19,4,8,2,1,2,3,2,2,3,3,0
745,0,2002-11-23,0,28,0,4,0,1,1,3,1,1,1
746,1,1998-10-01,4,8,2,1,2,3,1,2,3,3,0
747,0,1998-04-29,4,34,2,1,2,0,2,2,4,2,0
748,0,2000-03-03,0,51,2,1,4,1,2,1,5,2,0
749,1,2006-01-29,3,207,0,0,0,1,2,4,6,3,0
750,0,1996-12-10,4,56,2,1,4,0,2,5,4,2,0
751,0,2001-04-19,87,208,2,1,4,2,1,5,1,1,0
752,1,2002-01-18,65,153,2,1,1,0,2,1,1,2,0
753,0,1995-04-13,2,3,5,3,2,3,2,2,1,2,0
754,1,2002-09-28,1,85,2,1,1,1,3,4,0,0,0
755,1,2002-10-21,4,7,2,1,2,3,1,1,13,2,0
756,1,2002-10-07,3,34,0,1,2,2,1,2,2,3,0
757,0,1996-11-08,4,8,3,1,2,3,2,2,1,2,0
758,0,1998-12-02,0,67,2,1,2,3,2,2,3,2,0
759,1,1998-03-12,4,8,2,1,8,12,2,11,6,2,0
760,1,2004-03-04,3,26,0,3,2,7,1,2,5,3,0
761,1,1996-10-02,0,54,2,1,2,3,2,2,1,2,0
762,0,1999-10-23,4,6,2,1,2,12,2,2,0,2,0
763,1,2006-10-19,0,209,0,3,1,1,1,1,2,2,4
764,1,2004-09-19,88,83,0,1,1,1,3,1,5,0,0
765,0,1999-10-17,39,210,2,1,2,2,2,2,3,2,0
766,1,1997-05-04,4,8,2,1,0,3,2,1,3,2,0
767,0,2004-05-21,4,7,2,1,1,3,3,1,3,2,0
768,1,1999-06-02,4,26,2,1,2,3,2,2,1,2,0
769,1,2006-10-11,89,211,0,1,11,13,3,4,1,1,4
770,1,2003-08-11,0,33,2,1,5,2,2,1,1,1,0
771,0,2000-12-07,3,7,2,1,1,0,1,4,1,1,0
772,1,2002-06-29,0,67,0,1,1,1,3,1,3,2,0
773,1,2000-02-05,4,2,2,1,3,0,2,3,1,2,0
774,0,1997-07-26,4,7,0,3,4,5,2,2,2,2,0
775,1,2003-10-29,1,2,2,1,1,1,2,3,1,1,0
776,1,2004-04-18,1,2,0,4,2,1,2,1,1,1,0
777,1,2002-05-25,1,2,2,1,1,1,2,4,0,2,1
778,1,2001-11-02,4,28,2,1,0,1,3,5,0,2,1
779,1,2001-06-04,0,10,4,1,2,2,2,2,1,1,0
780,1,1998-10-16,4,8,2,1,2,2,4,2,5,3,0
781,0,2001-07-06,1,29,3,1,4,5,2,5,0,2,0
782,1,2002-06-18,1,33,0,5,5,4,3,4,4,0,0
783,0,2004-03-18,1,54,0,4,1,3,2,5,1,1,0
784,0,1999-03-17,0,212,2,1,0,0,2,1,1,2,0
785,0,2007-06-21,90,213,0,0,2,3,1,2,1,1,1
786,1,2006-05-29,0,1,0,3,2,1,2,2,5,2,1
787,1,1996-12-15,0,1,0,1,4,0,2,3,4,2,0
788,1,2003-09-30,91,5,0,6,0,0,3,1,4,0,0
789,0,2000-01-01,4,34,2,1,0,2,2,1,1,1,0
790,0,2000-10-05,4,8,2,1,2,3,3,2,1,2,0
791,0,2004-06-22,0,35,0,4,1,2,2,1,2,3,0
792,0,1998-12-31,4,34,2,1,4,2,2,2,2,2,0
793,1,2006-05-13,1,188,4,1,1,1,2,4,0,2,4
794,1,2005-04-12,1,214,0,1,0,2,2,4,2,3,1
795,1,2000-05-20,0,67,3,1,2,3,1,2,3,3,0
796,0,2004-09-06,0,215,0,3,0,3,2,8,0,0,0
797,0,2007-11-16,43,216,0,1,1,1,2,4,0,2,2
798,1,2002-07-16,0,17,4,1,1,2,2,8,8,0,4
799,0,1998-10-06,0,2,2,1,8,6,2,3,3,3,0
800,1,2002-06-25,1,104,4,1,2,2,2,2,1,4,0
801,1,2006-07-01,4,77,0,3,1,0,2,4,4,2,1
802,0,2004-01-21,0,5,2,1,1,0,2,1,1,1,0
803,1,2004-08-26,0,35,0,1,2,3,2,1,2,2,0
804,0,2002-01-08,4,8,4,1,2,1,2,2,1,4,0
805,0,1996-06-14,0,2,2,1,1,1,2,4,1,2,0
806,0,2008-02-16,51,217,0,1,1,0,1,1,1,1,1
807,1,2003-01-19,4,55,2,1,0,3,1,1,1,4,0
808,1,2004-04-04,4,8,2,1,2,3,1,2,3,3,0
809,1,1997-07-20,4,7,2,1,2,3,2,2,1,2,0
810,0,2000-12-18,4,218,2,1,1,1,3,4,1,1,0
811,0,2000-04-07,4,8,2,1,1,13,3,2,1,2,0
812,0,2003-01-12,92,219,4,1,2,2,2,4,1,4,1
813,0,1999-08-05,0,2,2,1,4,1,2,5,1,2,0
814,0,2004-09-06,0,5,2,1,0,0,2,2,1,1,0
815,0,2003-10-11,93,41,2,1,0,1,2,2,0,2,0
816,1,2003-12-08,4,8,2,1,2,3,1,2,1,1,0
817,0,2000-08-08,4,220,2,1,2,3,3,8,1,0,0
818,1,1998-01-13,4,7,2,1,2,1,2,2,0,2,0
819,1,2001-07-13,4,8,4,1,2,12,2,2,3,3,0
820,0,2000-07-25,0,35,2,1,2,3,1,2,3,3,0
821,1,2005-04-07,94,221,0,1,2,3,2,2,3,2,0
822,1,2001-06-01,4,12,4,1,2,3,2,2,3,3,0
823,0,2002-09-12,0,6,4,1,2,2,2,2,2,2,0
824,0,2003-05-07,0,10,2,1,2,2,2,2,1,1,0
825,1,1999-09-18,4,55,2,1,1,0,3,1,1,2,0
826,0,2001-10-07,4,8,2,1,2,3,1,2,3,3,0
827,0,2001-09-21,0,83,4,1,2,1,2,4,3,2,0
828,1,2004-08-04,0,143,2,1,0,1,3,1,0,0,0
829,1,1996-06-30,4,8,2,1,0,3,2,2,1,2,0
830,0,1998-02-18,5,51,2,1,1,1,2,3,4,2,0
831,0,2005-03-25,17,222,0,4,1,1,2,4,1,1,0
832,0,1996-12-27,4,139,2,1,2,3,1,2,3,3,0
833,0,2003-10-24,80,223,0,3,1,1,3,4,0,0,1
834,0,2006-10-17,1,224,0,3,1,14,1,4,1,1,1
835,0,2000-09-20,0,2,2,1,0,1,2,1,1,2,0
836,0,2003-02-06,95,225,2,1,0,3,2,1,1,1,0
837,1,2004-02-07,4,7,2,1,0,1,2,2,0,2,1
838,0,2002-04-21,96,5,4,1,4,1,2,5,1,1,0
839,0,1999-01-25,2,3,2,1,0,0,2,4,1,2,0
840,1,2005-08-29,1,22,0,1,1,1,1,1,0,3,0
841,1,2000-05-11,80,226,2,1,4,0,2,5,1,2,0
842,0,2002-02-24,4,6,4,1,0,1,2,4,0,2,0
843,1,2007-03-13,97,227,2,1,2,5,2,4,0,2,1
844,1,2005-03-20,15,228,2,1,1,1,3,4,0,0,0
845,0,2002-07-11,4,7,2,1,0,2,1,4,2,3,0
846,0,2002-04-12,0,2,4,1,2,2,2,2,2,2,0
847,0,2002-04-12,0,2,4,1,2,2,2,2,2,2,3
848,0,1999-06-02,0,14,2,1,1,0,2,4,1,2,0
849,0,1997-08-11,4,7,2,1,2,1,2,2,0,2,0
850,1,2004-02-19,23,16,2,1,0,1,2,1,0,2,1
851,1,2002-07-05,4,7,4,1,0,1,2,2,0,2,0
852,0,1996-12-14,4,8,2,1,2,0,2,2,1,2,0
853,0,1998-07-02,0,10,2,1,1,1,2,1,0,2,0
854,1,1997-09-25,4,8,2,1,2,2,2,2,1,2,0
855,0,2000-11-10,4,7,2,1,2,1,2,2,0,2,0
856,0,2004-01-28,0,10,2,1,1,2,1,4,1,1,1
857,0,2004-07-19,1,5,0,1,1,1,2,1,0,3,0
858,0,2004-03-03,0,16,2,1,1,2,2,1,2,3,0
859,1,2005-01-18,0,229,2,1,2,2,1,2,2,3,0
860,1,2008-07-11,0,230,4,1,2,13,3,2,1,1,4
861,0,2006-01-21,0,1,2,1,2,3,2,1,3,2,0
862,1,1998-06-20,0,8,2,1,3,0,2,3,3,4,0
863,1,2004-08-28,0,16,0,4,6,1,2,4,1,1,0
864,1,2005-05-18,12,231,2,1,2,2,1,1,0,2,0
865,1,2005-11-02,1,115,0,1,1,1,1,1,2,3,0
866,1,1998-01-31,0,33,2,1,2,1,2,2,0,2,0
867,1,2002-08-05,98,232,2,1,0,3,2,1,3,2,0
868,1,2004-05-28,99,5,0,3,0,2,1,4,0,2,0
869,0,2004-03-05,0,107,0,4,1,1,3,1,0,2,1
870,1,2003-08-10,1,2,2,1,0,3,2,1,0,2,0
871,0,2008-02-26,0,10,0,1,1,1,2,4,1,1,2
872,1,1997-01-06,0,7,3,1,2,6,2,1,0,2,0
873,1,2006-07-08,0,233,0,1,1,1,1,4,0,3,1
874,0,2004-12-16,0,234,0,1,6,1,2,4,1,1,0
875,1,2002-06-14,1,10,0,4,0,2,1,2,0,2,0
876,1,2002-04-15,3,8,2,1,1,0,2,4,0,2,0
877,1,2004-02-27,4,7,0,4,1,7,2,4,0,2,0
878,1,2004-09-17,0,2,2,1,3,1,2,3,0,2,0
879,0,2000-03-13,11,1,2,1,4,1,2,1,1,2,1
880,1,2000-09-29,0,235,2,1,2,12,2,1,2,2,0
881,1,2003-09-15,1,1,2,1,1,1,3,1,0,2,0
882,1,2001-10-06,4,7,4,1,2,1,2,2,0,2,0
883,1,1998-04-27,4,7,0,3,2,5,2,1,0,2,4
884,0,2003-08-16,93,7,0,1,2,2,2,2,2,3,0
885,0,2005-01-12,100,236,2,1,1,1,3,4,0,0,0
886,0,1997-08-17,0,34,2,1,2,3,2,1,1,2,0
887,0,2001-06-18,0,2,2,1,1,13,3,11,6,2,0
888,1,2003-12-26,3,61,0,1,2,2,2,2,0,2,0
889,0,2001-11-30,4,8,4,1,2,1,2,2,5,2,0
890,0,1996-07-08,0,1,0,3,2,3,2,2,3,2,0
891,0,2001-08-19,0,1,4,1,2,2,2,2,1,1,0
892,1,2004-04-26,4,113,2,1,0,1,3,4,6,3,0
893,1,2003-08-28,0,1,2,1,0,1,2,1,2,3,0
894,1,2000-11-27,0,2,2,1,2,2,2,2,1,2,0
895,0,2005-04-29,1,149,0,3,4,6,5,4,0,4,0
896,1,1998-09-28,4,34,2,1,4,3,4,2,1,2,0
897,1,1997-07-04,4,8,2,1,2,3,2,2,1,2,0
898,1,1999-04-21,4,8,2,1,0,0,2,1,1,2,1
899,0,1998-12-15,0,1,2,1,3,3,2,5,3,2,0
900,1,2001-03-26,4,8,2,1,2,3,1,2,3,3,0
901,1,1998-10-16,4,8,2,1,2,3,2,2,1,2,0
902,1,2002-03-13,0,51,0,4,1,2,1,4,1,1,0
903,1,2001-01-27,38,11,4,1,2,1,2,1,0,2,0
904,0,1998-03-15,4,7,2,1,2,3,2,2,3,2,0
905,1,1999-07-19,0,33,2,1,2,1,2,2,1,2,0
906,1,2007-02-26,4,45,2,1,2,5,2,1,3,3,1
907,1,2001-05-28,0,16,4,1,6,7,2,1,5,2,0
908,1,1999-06-19,4,7,2,1,0,0,2,2,1,2,0
909,1,1998-04-20,0,10,2,1,2,2,2,2,1,2,0
910,1,1998-12-18,4,7,0,3,2,3,2,2,3,2,0
911,1,1998-01-01,0,1,0,3,3,1,2,2,1,2,0
912,1,2005-12-07,3,8,4,1,2,3,4,2,1,1,0
913,1,1998-02-10,4,12,2,1,2,3,2,2,3,2,0
914,1,1998-01-14,4,8,2,1,2,3,2,2,3,2,0
915,0,2000-07-13,0,2,2,1,3,3,2,3,1,1,0
916,1,2001-03-17,0,1,2,1,1,1,2,4,0,2,0
917,0,2002-05-02,101,237,4,1,0,2,2,1,0,2,0
918,0,1997-12-17,4,8,2,1,4,3,2,2,3,2,0
919,1,1997-04-23,4,7,0,3,2,7,2,2,1,2,0
920,1,2000-01-30,4,34,2,1,2,3,2,2,3,3,0
921,0,2001-07-03,4,8,2,1,2,3,2,2,3,2,0
922,1,2003-05-25,1,59,2,1,0,1,3,1,0,0,0
923,0,2005-05-04,0,2,2,1,1,1,3,4,0,0,0
924,0,2004-04-17,101,237,0,0,2,0,2,2,4,2,0
925,1,2004-09-25,4,8,3,1,2,5,2,2,3,2,1
926,1,2001-11-04,80,238,4,1,2,1,2,1,1,1,0
927,1,1997-05-28,0,1,0,1,4,3,2,5,1,2,0
928,1,2004-08-02,4,6,0,4,1,14,1,0,0,2,0
929,1,2002-05-25,0,28,4,1,0,1,2,5,1,1,0
930,0,2005-07-01,0,47,4,1,0,0,2,2,5,2,0
931,1,2004-05-04,21,239,2,1,5,7,2,0,6,2,0
932,0,2002-11-20,80,51,2,1,1,1,2,4,0,2,0
933,0,2000-01-30,12,240,2,1,2,3,2,2,3,2,1
934,0,2001-06-29,0,28,4,1,1,1,2,1,0,2,1
935,0,1997-10-28,0,35,2,1,2,1,2,2,4,2,0
936,0,1998-06-19,4,7,2,1,2,2,2,2,1,2,0
937,0,2004-02-05,1,1,0,1,0,1,2,4,0,2,1
938,1,1999-12-29,102,241,2,1,0,0,2,1,4,2,0
939,0,2002-04-19,0,54,4,1,2,1,2,2,0,2,0
940,1,2000-07-14,0,2,2,1,3,0,2,3,1,1,0
941,0,1997-07-07,12,97,2,1,1,1,2,4,0,2,0
942,1,2004-05-24,4,8,2,1,2,3,1,2,3,3,0
943,0,2007-08-30,12,242,0,3,2,2,2,4,0,2,4
944,0,2001-08-08,4,7,4,1,2,7,2,2,5,2,0
945,1,2003-11-29,4,113,0,3,2,3,2,5,2,4,0
946,0,2005-03-13,1,22,4,1,3,0,1,2,1,1,2
947,0,2004-10-27,4,8,2,1,0,1,2,1,1,1,0
948,0,2003-08-28,0,53,2,1,1,8,2,4,0,2,0
949,0,1998-08-02,4,8,2,1,2,3,2,2,1,2,0
950,1,2004-03-30,103,83,0,1,5,13,3,4,4,0,0
951,1,2001-09-24,3,243,2,1,1,1,1,1,0,3,0
952,1,2003-02-12,1,16,0,4,0,1,1,1,0,3,0
953,1,1999-11-02,0,1,2,1,3,0,2,4,0,3,0
954,0,2005-10-02,26,244,0,1,2,3,3,2,1,1,1
955,1,2004-06-19,104,245,0,1,0,0,1,1,3,4,0
956,1,2003-01-08,65,153,2,1,0,2,2,1,3,2,0
957,0,2000-02-26,105,246,2,1,2,2,2,1,2,2,1
958,0,2001-09-24,0,2,2,1,4,1,2,5,0,2,0
959,0,2004-05-19,4,48,0,1,2,3,1,2,1,1,0
960,0,2003-05-12,1,2,2,1,0,3,2,1,0,2,0
961,0,1998-04-07,4,8,2,1,0,13,2,2,1,2,0
962,1,1997-11-21,0,1,2,1,3,0,2,3,3,2,0
963,1,2001-08-23,4,7,3,1,2,1,1,2,3,3,0
964,1,1997-02-15,4,34,2,1,2,3,2,2,1,2,0
965,0,1997-07-12,4,247,2,1,2,0,2,2,1,2,0
966,1,2004-05-18,0,1,2,1,1,12,3,1,3,2,1
967,0,2004-07-31,0,248,2,1,4,0,2,1,2,2,0
968,1,1998-03-09,106,249,2,1,0,3,2,1,1,2,0
969,0,2000-03-22,4,34,2,1,0,3,1,1,1,1,0
970,0,2004-09-19,1,28,0,0,0,1,3,1,5,3,0
971,0,1999-09-05,0,41,2,1,0,1,1,1,0,3,0
972,1,2005-02-19,0,250,2,1,2,0,2,2,4,2,0
973,1,1997-08-19,0,1,0,1,0,1,2,1,0,2,0
974,0,1999-05-22,4,113,2,1,0,3,2,2,1,2,0
975,1,1998-05-17,0,1,2,1,2,2,2,3,3,2,0
976,1,2001-11-06,0,10,2,1,2,3,1,2,3,3,0
977,0,2003-06-11,0,251,0,1,2,3,1,2,1,1,0
978,1,2003-02-16,1,2,2,1,0,3,2,1,3,2,0
979,0,1999-01-17,4,7,2,1,2,3,2,2,1,2,0
980,0,2005-08-23,25,252,2,1,1,1,3,4,1,1,1
981,0,2005-02-17,4,31,0,1,2,3,4,2,3,4,0
982,0,2002-10-05,0,97,0,1,0,2,2,3,2,3,0
983,1,1998-10-18,0,5,2,1,3,0,2,3,4,2,0
984,1,2006-11-03,1,253,0,3,1,15,0,4,7,2,1
985,1,2003-01-22,1,97,2,1,1,3,2,4,3,2,0
986,0,2005-02-26,1,254,0,1,1,1,2,4,0,2,0
987,0,2000-08-29,4,8,2,1,2,3,2,2,1,2,0
988,1,2004-09-10,1,2,0,1,0,1,2,1,0,2,1
989,1,2001-05-05,0,1,2,1,3,1,1,5,1,2,1
990,1,2008-04-15,3,255,0,1,1,0,1,4,4,4,1
991,1,2004-06-03,0,59,0,1,0,1,2,1,0,2,0
992,0,1998-01-24,0,1,0,3,3,1,2,1,5,2,0
993,0,2003-06-18,0,256,2,1,0,1,2,4,1,1,0
994,0,1997-06-28,4,56,2,1,4,1,2,1,1,2,1
995,1,1996-12-18,4,7,0,3,2,3,2,2,1,2,0
996,0,2005-10-01,107,46,0,1,1,0,2,4,7,2,1
997,0,1998-06-04,101,257,2,1,0,0,2,1,1,1,0
998,1,2001-08-18,27,76,2,1,4,3,1,3,3,3,0
999,1,2006-07-29,10,258,2,1,0,3,2,1,3,2,1
1000,0,2003-11-15,0,85,0,1,1,2,2,1,2,2,1
1001,1,2002-07-13,8,259,4,1,2,14,2,2,9,2,0
1002,1,2004-03-02,0,5,0,1,1,1,2,4,6,1,0
1003,1,2000-08-14,0,30,4,1,1,1,2,4,3,2,1
1004,1,2005-04-24,0,192,2,1,2,3,2,2,3,3,0
1005,0,2003-10-31,1,35,3,1,2,5,2,2,0,2,2
1006,0,2003-10-31,1,35,2,1,1,3,2,0,0,0,1
1007,1,2005-09-25,0,107,0,1,0,1,2,1,0,2,0
1008,0,1997-06-18,4,260,2,1,2,1,2,5,1,2,0
1009,1,1999-12-29,4,7,2,1,1,1,2,1,1,2,0
1010,0,1996-04-29,4,7,2,1,2,2,2,2,2,2,0
1011,0,2002-08-09,0,1,4,1,2,1,2,2,1,1,0
1012,0,2005-05-21,3,8,4,1,4,3,4,1,3,4,0
1013,0,2002-02-14,0,82,0,1,3,1,1,1,0,3,1
1014,0,2002-01-12,4,7,2,1,1,2,1,2,6,2,0
1015,1,2003-06-18,0,33,0,4,3,3,2,3,2,3,0
1016,1,2002-06-06,0,1,4,1,3,1,2,3,0,2,1
1017,0,1999-10-11,14,127,2,1,2,0,2,2,4,2,0
1018,1,2002-05-13,4,7,4,1,0,1,2,1,1,1,0
1019,0,1998-12-28,4,7,0,3,2,3,2,2,3,2,0
1020,0,2004-04-30,1,93,0,3,2,1,2,2,1,1,0
1021,1,1998-10-02,0,51,2,1,1,1,2,1,1,2,1
1022,1,2003-03-10,108,179,4,1,4,5,2,4,0,2,0
1023,1,2005-05-10,4,261,2,1,2,3,2,2,0,2,0
1024,1,2003-10-03,1,83,2,1,0,0,1,2,4,4,0
1025,1,2002-11-09,0,16,0,4,1,0,2,4,1,1,0
1026,1,2002-01-17,0,16,4,1,0,1,2,1,0,2,0
1027,1,2006-06-10,1,22,0,1,3,3,1,3,3,3,0
1028,1,1997-12-17,4,34,2,1,2,3,2,2,3,2,0
1029,1,2001-02-05,0,54,3,1,2,1,2,2,0,2,0
1030,1,2003-03-23,1,2,2,1,1,1,3,4,0,0,0
